{"cameraMode":{"drawMode":0,"name":"Shaded","section":"Shading Mode"},"sceneLighting":false,"audioPlay":false,"sceneViewState":{"m_AlwaysRefresh":false,"showFog":true,"showSkybox":false,"showFlares":true,"showImageEffects":true,"showParticleSystems":true,"showVisualEffectGraphs":true,"m_FxEnabled":true},"in2DMode":false,"pivot":{"x":-13.186562538146973,"y":0.002674579620361328,"z":-6.260578155517578},"rotation":{"x":0.2825975716114044,"y":0.0008612977107986808,"z":-0.000253907433943823,"w":0.9592415690422058},"size":1.1409388780593873,"orthographic":true}